name,state,country,source,url,scraped_date,hospital_type,certifications,city,hospital_chain
Hospital,ACE Heart & Vascular Institute,India,Medindia,https://www.medindia.net/directories/hospitals/index.htm,2025-09-27T12:16:49.128099,General Hospital,"{'nabh': {'status': 'Accredited', 'level': 'Full', 'valid_until': '05 Feb 2026', 'reference_no': 'H-2006-0015'}, 'jci': {'status': 'Accredited', 'accreditation_date': '2019-01-15', 'type': 'Academic Medical Center'}, 'nabl': {'status': 'Unknown'}, 'iso': {'certifications': []}, 'government_empanelments': []}",,
Punjab,ACE Heart & Vascular Institute,India,Medindia,https://www.medindia.net/directories/hospitals/punjab/index.htm,2025-09-27T12:16:52.263477,General Hospital,"{'nabh': {'status': 'Accredited', 'level': 'Full', 'valid_until': '15 Jun 2028', 'reference_no': 'H-2008-0060'}, 'jci': {'status': 'Unknown'}, 'nabl': {'status': 'Unknown'}, 'iso': {'certifications': []}, 'government_empanelments': []}",,
Sahibzada Ajit Singh Nagar,ACE Heart & Vascular Institute,India,Medindia,https://www.medindia.net/directories/hospitals/punjab/sahibzada-ajit-singh-nagar/index.htm,2025-09-27T12:16:55.045635,General Hospital,"{'nabh': {'status': 'Unknown', 'level': None}, 'jci': {'status': 'Unknown'}, 'nabl': {'status': 'Unknown'}, 'iso': {'certifications': []}, 'government_empanelments': []}",,
Bawa Dental Clinic,ACE Heart & Vascular Institute,India,Medindia,https://www.medindia.net/directories/hospitals/bawa-dental-clinic-sahibzada-ajit-singh-nagar-punjab-82666.htm,2025-09-27T12:16:58.636757,General Hospital,"{'nabh': {'status': 'Unknown', 'level': None}, 'jci': {'status': 'Unknown'}, 'nabl': {'status': 'Unknown'}, 'iso': {'certifications': []}, 'government_empanelments': []}",,
Chhina Dental Clinic,ACE Heart & Vascular Institute,India,Medindia,https://www.medindia.net/directories/hospitals/chhina-dental-clinic-sahibzada-ajit-singh-nagar-punjab-54343.htm,2025-09-27T12:17:01.407135,General Hospital,"{'nabh': {'status': 'Unknown', 'level': None}, 'jci': {'status': 'Unknown'}, 'nabl': {'status': 'Unknown'}, 'iso': {'certifications': []}, 'government_empanelments': []}",,
Dr. Gumber's Dental Clinic,ACE Heart & Vascular Institute,India,Medindia,https://www.medindia.net/directories/hospitals/dr-gumbers-dental-clinic-sahibzada-ajit-singh-nagar-punjab-81935.htm,2025-09-27T12:17:04.310478,General Hospital,"{'nabh': {'status': 'Unknown', 'level': None}, 'jci': {'status': 'Unknown'}, 'nabl': {'status': 'Unknown'}, 'iso': {'certifications': []}, 'government_empanelments': []}",,
Agarwal Clinic,ACE Heart & Vascular Institute,India,Medindia,https://www.medindia.net/directories/hospitals/agarwal-clinic-sahibzada-ajit-singh-nagar-punjab-22803.htm,2025-09-27T12:17:08.341121,General Hospital,"{'nabh': {'status': 'Unknown', 'level': None}, 'jci': {'status': 'Unknown'}, 'nabl': {'status': 'Unknown'}, 'iso': {'certifications': []}, 'government_empanelments': []}",,
Grecian Super Specialty Hospital,ACE Heart & Vascular Institute,India,Medindia,https://www.medindia.net/directories/hospitals/grecian-super-specialty-hospital-sahibzada-ajit-singh-nagar-punjab-13513.htm,2025-09-27T12:17:11.894229,General Hospital,"{'nabh': {'status': 'Accredited', 'level': 'Full', 'valid_until': '13 Sep 2029', 'reference_no': 'H-2011-0484'}, 'jci': {'status': 'Unknown'}, 'nabl': {'status': 'Unknown'}, 'iso': {'certifications': []}, 'government_empanelments': []}",,
I- Med Hospital,ACE Heart & Vascular Institute,India,Medindia,https://www.medindia.net/directories/hospitals/i-med-hospital-sahibzada-ajit-singh-nagar-punjab-18713.htm,2025-09-27T12:17:15.403564,General Hospital,"{'nabh': {'status': 'Unknown', 'level': None}, 'jci': {'status': 'Unknown'}, 'nabl': {'status': 'Unknown'}, 'iso': {'certifications': []}, 'government_empanelments': []}",,
Kahlons Dental Clinic,ACE Heart & Vascular Institute,India,Medindia,https://www.medindia.net/directories/hospitals/kahlons-dental-clinic-sahibzada-ajit-singh-nagar-punjab-54416.htm,2025-09-27T12:17:18.907186,General Hospital,"{'nabh': {'status': 'Unknown', 'level': None}, 'jci': {'status': 'Unknown'}, 'nabl': {'status': 'Unknown'}, 'iso': {'certifications': []}, 'government_empanelments': []}",,
Ivy Hospital,ACE Heart & Vascular Institute,India,Medindia,https://www.medindia.net/directories/hospitals/ivy-hospital-sahibzada-ajit-singh-nagar-punjab-13542.htm,2025-09-27T12:17:22.344511,General Hospital,"{'nabh': {'status': 'Accredited', 'level': 'Full', 'valid_until': '11 Dec 2027', 'reference_no': 'H-2009-0118'}, 'jci': {'status': 'Unknown'}, 'nabl': {'status': 'Unknown'}, 'iso': {'certifications': []}, 'government_empanelments': []}",,
Pawan Clinic,ACE Heart & Vascular Institute,India,Medindia,https://www.medindia.net/directories/hospitals/pawan-clinic-sahibzada-ajit-singh-nagar-punjab-53222.htm,2025-09-27T12:17:26.096945,General Hospital,"{'nabh': {'status': 'Unknown', 'level': None}, 'jci': {'status': 'Unknown'}, 'nabl': {'status': 'Unknown'}, 'iso': {'certifications': []}, 'government_empanelments': []}",,
Life Line Clinic,ACE Heart & Vascular Institute,India,Medindia,https://www.medindia.net/directories/hospitals/life-line-clinic-sahibzada-ajit-singh-nagar-punjab-29600.htm,2025-09-27T12:17:29.784740,General Hospital,"{'nabh': {'status': 'Unknown', 'level': None}, 'jci': {'status': 'Unknown'}, 'nabl': {'status': 'Unknown'}, 'iso': {'certifications': []}, 'government_empanelments': []}",,
View All,ACE Heart & Vascular Institute,India,Medindia,https://www.medindia.net/directories/hospitals/punjab/sahibzada-ajit-singh-nagar/index.htm,2025-09-27T12:17:32.587266,General Hospital,"{'nabh': {'status': 'Unknown', 'level': None}, 'jci': {'status': 'Unknown'}, 'nabl': {'status': 'Unknown'}, 'iso': {'certifications': []}, 'government_empanelments': []}",,
Abohar,ACE Heart & Vascular Institute,India,Medindia,https://www.medindia.net/directories/hospitals/punjab/abohar/index.htm,2025-09-27T12:17:35.380238,General Hospital,"{'nabh': {'status': 'Unknown', 'level': None}, 'jci': {'status': 'Unknown'}, 'nabl': {'status': 'Unknown'}, 'iso': {'certifications': []}, 'government_empanelments': []}",,
Amritsar,ACE Heart & Vascular Institute,India,Medindia,https://www.medindia.net/directories/hospitals/punjab/amritsar/index.htm,2025-09-27T12:17:37.458584,General Hospital,"{'nabh': {'status': 'Accredited', 'level': 'Full', 'valid_until': '09 Jun 2027', 'reference_no': 'H-2009-0350'}, 'jci': {'status': 'Unknown'}, 'nabl': {'status': 'Unknown'}, 'iso': {'certifications': []}, 'government_empanelments': []}",,
Anandpur Sahib,ACE Heart & Vascular Institute,India,Medindia,https://www.medindia.net/directories/hospitals/punjab/anandpur-sahib/index.htm,2025-09-27T12:17:39.540632,General Hospital,"{'nabh': {'status': 'Unknown', 'level': None}, 'jci': {'status': 'Unknown'}, 'nabl': {'status': 'Unknown'}, 'iso': {'certifications': []}, 'government_empanelments': []}",,
Balachaur,ACE Heart & Vascular Institute,India,Medindia,https://www.medindia.net/directories/hospitals/punjab/balachaur/index.htm,2025-09-27T12:17:41.850560,General Hospital,"{'nabh': {'status': 'Unknown', 'level': None}, 'jci': {'status': 'Unknown'}, 'nabl': {'status': 'Unknown'}, 'iso': {'certifications': []}, 'government_empanelments': []}",,
Banga,ACE Heart & Vascular Institute,India,Medindia,https://www.medindia.net/directories/hospitals/punjab/banga/index.htm,2025-09-27T12:17:44.532785,General Hospital,"{'nabh': {'status': 'Accredited', 'level': 'Full', 'valid_until': '04 Jun 2026', 'reference_no': 'H-2006-0007'}, 'jci': {'status': 'Unknown'}, 'nabl': {'status': 'Unknown'}, 'iso': {'certifications': []}, 'government_empanelments': []}",,
Barnala,ACE Heart & Vascular Institute,India,Medindia,https://www.medindia.net/directories/hospitals/punjab/barnala/index.htm,2025-09-27T12:17:46.671056,General Hospital,"{'nabh': {'status': 'Unknown', 'level': None}, 'jci': {'status': 'Unknown'}, 'nabl': {'status': 'Unknown'}, 'iso': {'certifications': []}, 'government_empanelments': []}",,
Batala,ACE Heart & Vascular Institute,India,Medindia,https://www.medindia.net/directories/hospitals/punjab/batala/index.htm,2025-09-27T12:17:48.732377,General Hospital,"{'nabh': {'status': 'Unknown', 'level': None}, 'jci': {'status': 'Unknown'}, 'nabl': {'status': 'Unknown'}, 'iso': {'certifications': []}, 'government_empanelments': []}",,
Bathinda,ACE Heart & Vascular Institute,India,Medindia,https://www.medindia.net/directories/hospitals/punjab/bathinda/index.htm,2025-09-27T12:17:51.788707,General Hospital,"{'nabh': {'status': 'Accredited', 'level': 'Full', 'valid_until': '11 Jun 2027', 'reference_no': 'H-2013-0708'}, 'jci': {'status': 'Unknown'}, 'nabl': {'status': 'Unknown'}, 'iso': {'certifications': []}, 'government_empanelments': []}",,
Beas,ACE Heart & Vascular Institute,India,Medindia,https://www.medindia.net/directories/hospitals/punjab/beas/index.htm,2025-09-27T12:17:53.793553,General Hospital,"{'nabh': {'status': 'Unknown', 'level': None}, 'jci': {'status': 'Unknown'}, 'nabl': {'status': 'Unknown'}, 'iso': {'certifications': []}, 'government_empanelments': []}",,
Chandigarh,ACE Heart & Vascular Institute,India,Medindia,https://www.medindia.net/directories/hospitals/punjab/chandigarh/index.htm,2025-09-27T12:17:55.854496,General Hospital,"{'nabh': {'status': 'Accredited', 'level': 'Full', 'valid_until': '10 Apr 2027', 'reference_no': 'H-2015-1017'}, 'jci': {'status': 'Unknown'}, 'nabl': {'status': 'Unknown'}, 'iso': {'certifications': []}, 'government_empanelments': []}",,
,ACE Heart & Vascular Institute,India,Medindia,https://www.medindia.net/directories/hospitals/index.htm,2025-09-27T12:18:14.421786,General Hospital,"{'nabh': {'status': 'Accredited', 'level': 'Full', 'valid_until': '29 Oct 2025', 'reference_no': 'H-2006-0008'}, 'jci': {'status': 'Accredited', 'accreditation_date': '2019-01-15', 'type': 'Academic Medical Center'}, 'nabl': {'status': 'Unknown'}, 'iso': {'certifications': []}, 'government_empanelments': []}",,
Hospital Directory,ACE Heart & Vascular Institute,India,Medindia,https://www.medindia.net/directories/hospitals/index.htm,2025-09-27T12:18:20.861253,General Hospital,"{'nabh': {'status': 'Unknown', 'level': None}, 'jci': {'status': 'Unknown'}, 'nabl': {'status': 'Unknown'}, 'iso': {'certifications': []}, 'government_empanelments': []}",,
Delhi,Al-hayat Multispeciality Hospital & Gynae Care,India,Medindia,https://www.medindia.net/directories/hospitals/delhi/index.htm,2025-09-27T12:19:58.320023,General Hospital,"{'nabh': {'status': 'Accredited', 'level': 'Full', 'valid_until': '05 Feb 2026', 'reference_no': 'H-2006-0015'}, 'jci': {'status': 'Unknown'}, 'nabl': {'status': 'Unknown'}, 'iso': {'certifications': []}, 'government_empanelments': []}",,
New Delhi,Al-hayat Multispeciality Hospital & Gynae Care,India,Medindia,https://www.medindia.net/directories/hospitals/delhi/new-delhi/index.htm,2025-09-27T12:20:01.337546,General Hospital,"{'nabh': {'status': 'Accredited', 'level': 'Full', 'valid_until': '05 Feb 2026', 'reference_no': 'H-2006-0015'}, 'jci': {'status': 'Unknown'}, 'nabl': {'status': 'Unknown'}, 'iso': {'certifications': []}, 'government_empanelments': []}",,
OSSAM Clinic,Al-hayat Multispeciality Hospital & Gynae Care,India,Medindia,https://www.medindia.net/directories/hospitals/ossam-clinic-new-delhi-delhi-25774.htm,2025-09-27T12:20:04.938902,General Hospital,"{'nabh': {'status': 'Unknown', 'level': None}, 'jci': {'status': 'Unknown'}, 'nabl': {'status': 'Unknown'}, 'iso': {'certifications': []}, 'government_empanelments': []}",,
SRL Diagnostics CLINIC DEE31,Al-hayat Multispeciality Hospital & Gynae Care,India,Medindia,https://www.medindia.net/directories/hospitals/srl-diagnostics-clinic-dee31-new-delhi-delhi-25782.htm,2025-09-27T12:20:09.595412,General Hospital,"{'nabh': {'status': 'Unknown', 'level': None}, 'jci': {'status': 'Unknown'}, 'nabl': {'status': 'Unknown'}, 'iso': {'certifications': []}, 'government_empanelments': []}",,
Tranquility - The Mind Clinic,Al-hayat Multispeciality Hospital & Gynae Care,India,Medindia,https://www.medindia.net/directories/hospitals/tranquility-the-mind-clinic-new-delhi-delhi-25789.htm,2025-09-27T12:20:12.841959,General Hospital,"{'nabh': {'status': 'Unknown', 'level': None}, 'jci': {'status': 'Unknown'}, 'nabl': {'status': 'Unknown'}, 'iso': {'certifications': []}, 'government_empanelments': []}",,
Dr. Nidhi Gupta Physiotherapy Clinic,Al-hayat Multispeciality Hospital & Gynae Care,India,Medindia,https://www.medindia.net/directories/hospitals/dr-nidhi-gupta-physiotherapy-clinic-new-delhi-delhi-25796.htm,2025-09-27T12:20:16.680604,General Hospital,"{'nabh': {'status': 'Unknown', 'level': None}, 'jci': {'status': 'Unknown'}, 'nabl': {'status': 'Unknown'}, 'iso': {'certifications': []}, 'government_empanelments': []}",,
Tamaria Clinic,Al-hayat Multispeciality Hospital & Gynae Care,India,Medindia,https://www.medindia.net/directories/hospitals/tamaria-clinic-new-delhi-delhi-25804.htm,2025-09-27T12:20:26.312748,General Hospital,"{'nabh': {'status': 'Unknown', 'level': None}, 'jci': {'status': 'Unknown'}, 'nabl': {'status': 'Unknown'}, 'iso': {'certifications': []}, 'government_empanelments': []}",,
New Smyle Dentral Clinic,Al-hayat Multispeciality Hospital & Gynae Care,India,Medindia,https://www.medindia.net/directories/hospitals/new-smyle-dentral-clinic-new-delhi-delhi-27138.htm,2025-09-27T12:20:29.614695,General Hospital,"{'nabh': {'status': 'Unknown', 'level': None}, 'jci': {'status': 'Unknown'}, 'nabl': {'status': 'Unknown'}, 'iso': {'certifications': []}, 'government_empanelments': []}",,
Doctor Clinic,Al-hayat Multispeciality Hospital & Gynae Care,India,Medindia,https://www.medindia.net/directories/hospitals/doctor-clinic-new-delhi-delhi-35951.htm,2025-09-27T12:20:33.263657,General Hospital,"{'nabh': {'status': 'Unknown', 'level': None}, 'jci': {'status': 'Unknown'}, 'nabl': {'status': 'Unknown'}, 'iso': {'certifications': []}, 'government_empanelments': []}",,
Apollo Hospitals Enterprise Ltd. (A unit of Apollo Farmacy),Al-hayat Multispeciality Hospital & Gynae Care,India,Medindia,https://www.medindia.net/directories/hospitals/apollo-hospitals-enterprise-ltd-a-unit-of-apollo-farmacy-new-delhi-delhi-56457.htm,2025-09-27T12:20:36.543447,General Hospital,"{'nabh': {'status': 'Unknown', 'level': None}, 'jci': {'status': 'Unknown'}, 'nabl': {'status': 'Unknown'}, 'iso': {'certifications': []}, 'government_empanelments': []}",,
Aman X-ray & Ultrasound Clinic,Al-hayat Multispeciality Hospital & Gynae Care,India,Medindia,https://www.medindia.net/directories/hospitals/aman-x-ray-ultrasound-clinic-new-delhi-delhi-33398.htm,2025-09-27T12:20:40.550062,General Hospital,"{'nabh': {'status': 'Unknown', 'level': None}, 'jci': {'status': 'Unknown'}, 'nabl': {'status': 'Unknown'}, 'iso': {'certifications': []}, 'government_empanelments': []}",,
Verma Clinic,Al-hayat Multispeciality Hospital & Gynae Care,India,Medindia,https://www.medindia.net/directories/hospitals/verma-clinic-new-delhi-delhi-55170.htm,2025-09-27T12:20:43.682550,General Hospital,"{'nabh': {'status': 'Unknown', 'level': None}, 'jci': {'status': 'Unknown'}, 'nabl': {'status': 'Unknown'}, 'iso': {'certifications': []}, 'government_empanelments': []}",,
East Delhi,Al-hayat Multispeciality Hospital & Gynae Care,India,Medindia,https://www.medindia.net/directories/hospitals/delhi/east-delhi/index.htm,2025-09-27T12:20:47.978984,General Hospital,"{'nabh': {'status': 'Unknown', 'level': None}, 'jci': {'status': 'Unknown'}, 'nabl': {'status': 'Unknown'}, 'iso': {'certifications': []}, 'government_empanelments': []}",,
Ghaziabadd,Al-hayat Multispeciality Hospital & Gynae Care,India,Medindia,https://www.medindia.net/directories/hospitals/delhi/ghaziabadd/index.htm,2025-09-27T12:20:50.476237,General Hospital,"{'nabh': {'status': 'Unknown', 'level': None}, 'jci': {'status': 'Unknown'}, 'nabl': {'status': 'Unknown'}, 'iso': {'certifications': []}, 'government_empanelments': []}",,
Greater Kailash,Al-hayat Multispeciality Hospital & Gynae Care,India,Medindia,https://www.medindia.net/directories/hospitals/delhi/greater-kailash/index.htm,2025-09-27T12:20:53.122625,General Hospital,"{'nabh': {'status': 'Accredited', 'level': 'Full', 'valid_until': '06 Nov 2021', 'reference_no': 'H-2014-0813'}, 'jci': {'status': 'Unknown'}, 'nabl': {'status': 'Unknown'}, 'iso': {'certifications': []}, 'government_empanelments': []}",,
Gujranwala Town,Al-hayat Multispeciality Hospital & Gynae Care,India,Medindia,https://www.medindia.net/directories/hospitals/delhi/gujranwala-town/index.htm,2025-09-27T12:20:55.173026,General Hospital,"{'nabh': {'status': 'Unknown', 'level': None}, 'jci': {'status': 'Unknown'}, 'nabl': {'status': 'Unknown'}, 'iso': {'certifications': []}, 'government_empanelments': []}",,
Janakpuri,Al-hayat Multispeciality Hospital & Gynae Care,India,Medindia,https://www.medindia.net/directories/hospitals/delhi/janakpuri/index.htm,2025-09-27T12:20:57.273647,General Hospital,"{'nabh': {'status': 'Unknown', 'level': None}, 'jci': {'status': 'Unknown'}, 'nabl': {'status': 'Unknown'}, 'iso': {'certifications': []}, 'government_empanelments': []}",,
Karol Bagh,Al-hayat Multispeciality Hospital & Gynae Care,India,Medindia,https://www.medindia.net/directories/hospitals/delhi/karol-bagh/index.htm,2025-09-27T12:20:59.290572,General Hospital,"{'nabh': {'status': 'Unknown', 'level': None}, 'jci': {'status': 'Unknown'}, 'nabl': {'status': 'Unknown'}, 'iso': {'certifications': []}, 'government_empanelments': []}",,
Kondli,Al-hayat Multispeciality Hospital & Gynae Care,India,Medindia,https://www.medindia.net/directories/hospitals/delhi/kondli/index.htm,2025-09-27T12:21:01.894210,General Hospital,"{'nabh': {'status': 'Unknown', 'level': None}, 'jci': {'status': 'Unknown'}, 'nabl': {'status': 'Unknown'}, 'iso': {'certifications': []}, 'government_empanelments': []}",,
Krishna Nagar,Al-hayat Multispeciality Hospital & Gynae Care,India,Medindia,https://www.medindia.net/directories/hospitals/delhi/krishna-nagar/index.htm,2025-09-27T12:21:04.704561,General Hospital,"{'nabh': {'status': 'Accredited', 'level': 'Full', 'valid_until': '11 Jun 2027', 'reference_no': 'H-2009-0225'}, 'jci': {'status': 'Unknown'}, 'nabl': {'status': 'Unknown'}, 'iso': {'certifications': []}, 'government_empanelments': []}",,
Mangolpuri,Al-hayat Multispeciality Hospital & Gynae Care,India,Medindia,https://www.medindia.net/directories/hospitals/delhi/mangolpuri/index.htm,2025-09-27T12:21:07.302811,General Hospital,"{'nabh': {'status': 'Unknown', 'level': None}, 'jci': {'status': 'Unknown'}, 'nabl': {'status': 'Unknown'}, 'iso': {'certifications': []}, 'government_empanelments': []}",,
Mayur Vihar Phase-3,Al-hayat Multispeciality Hospital & Gynae Care,India,Medindia,https://www.medindia.net/directories/hospitals/delhi/mayur-vihar-phase-3/index.htm,2025-09-27T12:21:10.295290,General Hospital,"{'nabh': {'status': 'Unknown', 'level': None}, 'jci': {'status': 'Unknown'}, 'nabl': {'status': 'Unknown'}, 'iso': {'certifications': []}, 'government_empanelments': []}",,
West Bengal,AMRI Hospital,India,Medindia,https://www.medindia.net/directories/hospitals/west-bengal/index.htm,2025-09-27T12:26:03.001210,General Hospital,"{'nabh': {'status': 'Accredited', 'level': 'Full', 'valid_until': '29 Oct 2025', 'reference_no': 'H-2006-0008'}, 'jci': {'status': 'Unknown'}, 'nabl': {'status': 'Unknown'}, 'iso': {'certifications': []}, 'government_empanelments': []}",,
Kolkata,AMRI Hospital,India,Medindia,https://www.medindia.net/directories/hospitals/west-bengal/kolkata/index.htm,2025-09-27T12:26:04.965804,General Hospital,"{'nabh': {'status': 'Accredited', 'level': 'Full', 'valid_until': '29 Oct 2025', 'reference_no': 'H-2006-0008'}, 'jci': {'status': 'Unknown'}, 'nabl': {'status': 'Unknown'}, 'iso': {'certifications': []}, 'government_empanelments': []}",,
Peerless Hospital,AMRI Hospital,India,Medindia,https://www.medindia.net/directories/hospitals/peerless-hospital-kolkata-west-bengal-28917.htm,2025-09-27T12:26:08.441247,General Hospital,"{'nabh': {'status': 'Unknown', 'level': None}, 'jci': {'status': 'Unknown'}, 'nabl': {'status': 'Unknown'}, 'iso': {'certifications': []}, 'government_empanelments': []}",,
Urban Primary Health Centre Ward 113 KMC,AMRI Hospital,India,Medindia,https://www.medindia.net/directories/hospitals/urban-primary-health-centre-ward-113-kmc-kolkata-west-bengal-97158.htm,2025-09-27T12:26:12.196705,General Hospital,"{'nabh': {'status': 'Unknown', 'level': None}, 'jci': {'status': 'Unknown'}, 'nabl': {'status': 'Unknown'}, 'iso': {'certifications': []}, 'government_empanelments': []}",,
Swami Vivekananda's Charitable Dispensary,AMRI Hospital,India,Medindia,https://www.medindia.net/directories/hospitals/swami-vivekanandas-charitable-dispensary-kolkata-west-bengal-97161.htm,2025-09-27T12:26:15.257764,General Hospital,"{'nabh': {'status': 'Unknown', 'level': None}, 'jci': {'status': 'Unknown'}, 'nabl': {'status': 'Unknown'}, 'iso': {'certifications': []}, 'government_empanelments': []}",,
North Suburban Hospital,AMRI Hospital,India,Medindia,https://www.medindia.net/directories/hospitals/north-suburban-hospital-kolkata-west-bengal-97163.htm,2025-09-27T12:26:18.926453,General Hospital,"{'nabh': {'status': 'Unknown', 'level': None}, 'jci': {'status': 'Unknown'}, 'nabl': {'status': 'Unknown'}, 'iso': {'certifications': []}, 'government_empanelments': []}",,
Ashoka Poly Clinic And Nursing Home,AMRI Hospital,India,Medindia,https://www.medindia.net/directories/hospitals/ashoka-poly-clinic-and-nursing-home-kolkata-west-bengal-48006.htm,2025-09-27T12:26:25.780828,General Hospital,"{'nabh': {'status': 'Unknown', 'level': None}, 'jci': {'status': 'Unknown'}, 'nabl': {'status': 'Unknown'}, 'iso': {'certifications': []}, 'government_empanelments': []}",,
Dr. Dutta's Multi-Speciality Clinic,AMRI Hospital,India,Medindia,https://www.medindia.net/directories/hospitals/dr-duttas-multi-speciality-clinic-kolkata-west-bengal-81914.htm,2025-09-27T12:26:28.969045,General Hospital,"{'nabh': {'status': 'Unknown', 'level': None}, 'jci': {'status': 'Unknown'}, 'nabl': {'status': 'Unknown'}, 'iso': {'certifications': []}, 'government_empanelments': []}",,
Sambhunath Pandit Hospital,AMRI Hospital,India,Medindia,https://www.medindia.net/directories/hospitals/sambhunath-pandit-hospital-kolkata-west-bengal-97170.htm,2025-09-27T12:26:35.881617,General Hospital,"{'nabh': {'status': 'Unknown', 'level': None}, 'jci': {'status': 'Unknown'}, 'nabl': {'status': 'Unknown'}, 'iso': {'certifications': []}, 'government_empanelments': []}",,
Bidhan Nagar Sub Divisional Hospital,AMRI Hospital,India,Medindia,https://www.medindia.net/directories/hospitals/bidhan-nagar-sub-divisional-hospital-kolkata-west-bengal-97173.htm,2025-09-27T12:26:40.175319,Eye Hospital,"{'nabh': {'status': 'Unknown', 'level': None}, 'jci': {'status': 'Unknown'}, 'nabl': {'status': 'Unknown'}, 'iso': {'certifications': []}, 'government_empanelments': []}",,
Adra,AMRI Hospital,India,Medindia,https://www.medindia.net/directories/hospitals/west-bengal/adra/index.htm,2025-09-27T12:26:44.922757,General Hospital,"{'nabh': {'status': 'Accredited', 'level': 'Full', 'valid_until': '21 Dec 2025', 'reference_no': 'H-2013-0773'}, 'jci': {'status': 'Unknown'}, 'nabl': {'status': 'Unknown'}, 'iso': {'certifications': []}, 'government_empanelments': []}",,
Alipurduar,AMRI Hospital,India,Medindia,https://www.medindia.net/directories/hospitals/west-bengal/alipurduar/index.htm,2025-09-27T12:26:47.656824,General Hospital,"{'nabh': {'status': 'Unknown', 'level': None}, 'jci': {'status': 'Unknown'}, 'nabl': {'status': 'Unknown'}, 'iso': {'certifications': []}, 'government_empanelments': []}",,
Asansol,AMRI Hospital,India,Medindia,https://www.medindia.net/directories/hospitals/west-bengal/asansol/index.htm,2025-09-27T12:26:49.663498,General Hospital,"{'nabh': {'status': 'Accredited', 'level': 'Full', 'valid_until': '27 Aug 2029', 'reference_no': 'HCO-05-2024-03723'}, 'jci': {'status': 'Unknown'}, 'nabl': {'status': 'Unknown'}, 'iso': {'certifications': []}, 'government_empanelments': []}",,
Ashoknagar Kalyangarh,AMRI Hospital,India,Medindia,https://www.medindia.net/directories/hospitals/west-bengal/ashoknagar-kalyangarh/index.htm,2025-09-27T12:26:52.215102,General Hospital,"{'nabh': {'status': 'Unknown', 'level': None}, 'jci': {'status': 'Unknown'}, 'nabl': {'status': 'Unknown'}, 'iso': {'certifications': []}, 'government_empanelments': []}",,
Bagula,AMRI Hospital,India,Medindia,https://www.medindia.net/directories/hospitals/west-bengal/bagula/index.htm,2025-09-27T12:26:54.905805,General Hospital,"{'nabh': {'status': 'Unknown', 'level': None}, 'jci': {'status': 'Unknown'}, 'nabl': {'status': 'Unknown'}, 'iso': {'certifications': []}, 'government_empanelments': []}",,
Balurghat,AMRI Hospital,India,Medindia,https://www.medindia.net/directories/hospitals/west-bengal/balurghat/index.htm,2025-09-27T12:26:57.736728,General Hospital,"{'nabh': {'status': 'Unknown', 'level': None}, 'jci': {'status': 'Unknown'}, 'nabl': {'status': 'Unknown'}, 'iso': {'certifications': []}, 'government_empanelments': []}",,
Bangaon,AMRI Hospital,India,Medindia,https://www.medindia.net/directories/hospitals/west-bengal/bangaon/index.htm,2025-09-27T12:27:00.557102,General Hospital,"{'nabh': {'status': 'Unknown', 'level': None}, 'jci': {'status': 'Unknown'}, 'nabl': {'status': 'Unknown'}, 'iso': {'certifications': []}, 'government_empanelments': []}",,
Bankura,AMRI Hospital,India,Medindia,https://www.medindia.net/directories/hospitals/west-bengal/bankura/index.htm,2025-09-27T12:27:02.757786,General Hospital,"{'nabh': {'status': 'Unknown', 'level': None}, 'jci': {'status': 'Unknown'}, 'nabl': {'status': 'Unknown'}, 'iso': {'certifications': []}, 'government_empanelments': []}",,
Barakar,AMRI Hospital,India,Medindia,https://www.medindia.net/directories/hospitals/west-bengal/barakar/index.htm,2025-09-27T12:27:04.817634,General Hospital,"{'nabh': {'status': 'Unknown', 'level': None}, 'jci': {'status': 'Unknown'}, 'nabl': {'status': 'Unknown'}, 'iso': {'certifications': []}, 'government_empanelments': []}",,
Barasat,AMRI Hospital,India,Medindia,https://www.medindia.net/directories/hospitals/west-bengal/barasat/index.htm,2025-09-27T12:27:07.673743,General Hospital,"{'nabh': {'status': 'Unknown', 'level': None}, 'jci': {'status': 'Unknown'}, 'nabl': {'status': 'Unknown'}, 'iso': {'certifications': []}, 'government_empanelments': []}",,
Tamil Nadu,Bala Physiotheraphy Clinic,India,Medindia,https://www.medindia.net/directories/hospitals/tamil-nadu/index.htm,2025-09-27T12:29:10.212974,General Hospital,"{'nabh': {'status': 'Accredited', 'level': 'Full', 'valid_until': '11 Mar 2027', 'reference_no': 'H-2007-0036'}, 'jci': {'status': 'Unknown'}, 'nabl': {'status': 'Unknown'}, 'iso': {'certifications': []}, 'government_empanelments': []}",,
Coimbatore,Bala Physiotheraphy Clinic,India,Medindia,https://www.medindia.net/directories/hospitals/tamil-nadu/coimbatore/index.htm,2025-09-27T12:29:12.940141,General Hospital,"{'nabh': {'status': 'Accredited', 'level': 'Full', 'valid_until': '11 Mar 2027', 'reference_no': 'H-2007-0036'}, 'jci': {'status': 'Unknown'}, 'nabl': {'status': 'Unknown'}, 'iso': {'certifications': []}, 'government_empanelments': []}",,
Subam Clinic,Bala Physiotheraphy Clinic,India,Medindia,https://www.medindia.net/directories/hospitals/subam-clinic-coimbatore-tamil-nadu-12236.htm,2025-09-27T12:29:16.738373,General Hospital,"{'nabh': {'status': 'Unknown', 'level': None}, 'jci': {'status': 'Unknown'}, 'nabl': {'status': 'Unknown'}, 'iso': {'certifications': []}, 'government_empanelments': []}",,
Onecare Medical Center,Bala Physiotheraphy Clinic,India,Medindia,https://www.medindia.net/directories/hospitals/onecare-medical-center-coimbatore-tamil-nadu-79927.htm,2025-09-27T12:29:19.548592,General Hospital,"{'nabh': {'status': 'Unknown', 'level': None}, 'jci': {'status': 'Unknown'}, 'nabl': {'status': 'Unknown'}, 'iso': {'certifications': []}, 'government_empanelments': []}",,
D. J. Hospital,Bala Physiotheraphy Clinic,India,Medindia,https://www.medindia.net/directories/hospitals/d-j-hospital-coimbatore-tamil-nadu-1587.htm,2025-09-27T12:29:22.920082,General Hospital,"{'nabh': {'status': 'Unknown', 'level': None}, 'jci': {'status': 'Unknown'}, 'nabl': {'status': 'Unknown'}, 'iso': {'certifications': []}, 'government_empanelments': []}",,
Ranga Hospital,Bala Physiotheraphy Clinic,India,Medindia,https://www.medindia.net/directories/hospitals/ranga-hospital-coimbatore-tamil-nadu-6306.htm,2025-09-27T12:29:26.604165,General Hospital,"{'nabh': {'status': 'Unknown', 'level': None}, 'jci': {'status': 'Unknown'}, 'nabl': {'status': 'Unknown'}, 'iso': {'certifications': []}, 'government_empanelments': []}",,
Gem Hospital,Bala Physiotheraphy Clinic,India,Medindia,https://www.medindia.net/directories/hospitals/gem-hospital-coimbatore-tamil-nadu-17017.htm,2025-09-27T12:29:30.046705,General Hospital,"{'nabh': {'status': 'Accredited', 'level': 'Full', 'valid_until': '08 Jun 2026', 'reference_no': 'H-2011-0539'}, 'jci': {'status': 'Unknown'}, 'nabl': {'status': 'Unknown'}, 'iso': {'certifications': []}, 'government_empanelments': []}",,
Dr Gem Hospital,Bala Physiotheraphy Clinic,India,Medindia,https://www.medindia.net/directories/hospitals/dr-gem-hospital-coimbatore-tamil-nadu-81921.htm,2025-09-27T12:29:33.427880,General Hospital,"{'nabh': {'status': 'Unknown', 'level': None}, 'jci': {'status': 'Unknown'}, 'nabl': {'status': 'Unknown'}, 'iso': {'certifications': []}, 'government_empanelments': []}",,
JD Dental Hospital,Bala Physiotheraphy Clinic,India,Medindia,https://www.medindia.net/directories/hospitals/jd-dental-hospital-coimbatore-tamil-nadu-74049.htm,2025-09-27T12:29:37.329782,General Hospital,"{'nabh': {'status': 'Unknown', 'level': None}, 'jci': {'status': 'Unknown'}, 'nabl': {'status': 'Unknown'}, 'iso': {'certifications': []}, 'government_empanelments': []}",,
Shree Lavnya Hospital,Bala Physiotheraphy Clinic,India,Medindia,https://www.medindia.net/directories/hospitals/shree-lavnya-hospital-coimbatore-tamil-nadu-5181.htm,2025-09-27T12:29:41.090721,General Hospital,"{'nabh': {'status': 'Unknown', 'level': None}, 'jci': {'status': 'Unknown'}, 'nabl': {'status': 'Unknown'}, 'iso': {'certifications': []}, 'government_empanelments': []}",,
Saravana Hospital,Bala Physiotheraphy Clinic,India,Medindia,https://www.medindia.net/directories/hospitals/saravana-hospital-coimbatore-tamil-nadu-34394.htm,2025-09-27T12:29:45.200924,General Hospital,"{'nabh': {'status': 'Unknown', 'level': None}, 'jci': {'status': 'Unknown'}, 'nabl': {'status': 'Unknown'}, 'iso': {'certifications': []}, 'government_empanelments': []}",,
Eye 2 Eye Optics  Clinic,Bala Physiotheraphy Clinic,India,Medindia,https://www.medindia.net/directories/hospitals/eye-2-eye-optics-clinic-coimbatore-tamil-nadu-18667.htm,2025-09-27T12:29:50.980302,Eye Hospital,"{'nabh': {'status': 'Unknown', 'level': None}, 'jci': {'status': 'Unknown'}, 'nabl': {'status': 'Unknown'}, 'iso': {'certifications': []}, 'government_empanelments': []}",,
Arakkonam,Bala Physiotheraphy Clinic,India,Medindia,https://www.medindia.net/directories/hospitals/tamil-nadu/arakkonam/index.htm,2025-09-27T12:29:55.966896,General Hospital,"{'nabh': {'status': 'Unknown', 'level': None}, 'jci': {'status': 'Unknown'}, 'nabl': {'status': 'Unknown'}, 'iso': {'certifications': []}, 'government_empanelments': []}",,
Ariyalur,Bala Physiotheraphy Clinic,India,Medindia,https://www.medindia.net/directories/hospitals/tamil-nadu/ariyalur/index.htm,2025-09-27T12:29:58.583819,General Hospital,"{'nabh': {'status': 'Unknown', 'level': None}, 'jci': {'status': 'Unknown'}, 'nabl': {'status': 'Unknown'}, 'iso': {'certifications': []}, 'government_empanelments': []}",,
Aruppukkottai,Bala Physiotheraphy Clinic,India,Medindia,https://www.medindia.net/directories/hospitals/tamil-nadu/aruppukkottai/index.htm,2025-09-27T12:30:00.706348,General Hospital,"{'nabh': {'status': 'Unknown', 'level': None}, 'jci': {'status': 'Unknown'}, 'nabl': {'status': 'Unknown'}, 'iso': {'certifications': []}, 'government_empanelments': []}",,
Chengalpattu,Bala Physiotheraphy Clinic,India,Medindia,https://www.medindia.net/directories/hospitals/tamil-nadu/chengalpattu/index.htm,2025-09-27T12:30:03.501592,General Hospital,"{'nabh': {'status': 'Unknown', 'level': None}, 'jci': {'status': 'Unknown'}, 'nabl': {'status': 'Unknown'}, 'iso': {'certifications': []}, 'government_empanelments': []}",,
Chennai,Bala Physiotheraphy Clinic,India,Medindia,https://www.medindia.net/directories/hospitals/tamil-nadu/chennai/index.htm,2025-09-27T12:30:06.585250,General Hospital,"{'nabh': {'status': 'Accredited', 'level': 'Full', 'valid_until': '15 Feb 2026', 'reference_no': 'H-2008-0086'}, 'jci': {'status': 'Unknown'}, 'nabl': {'status': 'Unknown'}, 'iso': {'certifications': []}, 'government_empanelments': []}",,
Chidambaram,Bala Physiotheraphy Clinic,India,Medindia,https://www.medindia.net/directories/hospitals/tamil-nadu/chidambaram/index.htm,2025-09-27T12:30:09.098227,General Hospital,"{'nabh': {'status': 'Unknown', 'level': None}, 'jci': {'status': 'Unknown'}, 'nabl': {'status': 'Unknown'}, 'iso': {'certifications': []}, 'government_empanelments': []}",,
Cuddalore,Bala Physiotheraphy Clinic,India,Medindia,https://www.medindia.net/directories/hospitals/tamil-nadu/cuddalore/index.htm,2025-09-27T12:30:11.836150,General Hospital,"{'nabh': {'status': 'Unknown', 'level': None}, 'jci': {'status': 'Unknown'}, 'nabl': {'status': 'Unknown'}, 'iso': {'certifications': []}, 'government_empanelments': []}",,
Devakottai,Bala Physiotheraphy Clinic,India,Medindia,https://www.medindia.net/directories/hospitals/tamil-nadu/devakottai/index.htm,2025-09-27T12:30:14.770273,General Hospital,"{'nabh': {'status': 'Unknown', 'level': None}, 'jci': {'status': 'Unknown'}, 'nabl': {'status': 'Unknown'}, 'iso': {'certifications': []}, 'government_empanelments': []}",,
Dharapuram,Bala Physiotheraphy Clinic,India,Medindia,https://www.medindia.net/directories/hospitals/tamil-nadu/dharapuram/index.htm,2025-09-27T12:30:17.480095,General Hospital,"{'nabh': {'status': 'Unknown', 'level': None}, 'jci': {'status': 'Unknown'}, 'nabl': {'status': 'Unknown'}, 'iso': {'certifications': []}, 'government_empanelments': []}",,
Dharmapuri,Bala Physiotheraphy Clinic,India,Medindia,https://www.medindia.net/directories/hospitals/tamil-nadu/dharmapuri/index.htm,2025-09-27T12:30:19.390140,General Hospital,"{'nabh': {'status': 'Unknown', 'level': None}, 'jci': {'status': 'Unknown'}, 'nabl': {'status': 'Unknown'}, 'iso': {'certifications': []}, 'government_empanelments': []}",,
Wockhardt Hospitals (formerly known as Umrao Hospital),Maharashtra,India,Practo,,2025-09-27T12:32:09.937294,General Hospital,"{'nabh': {'status': 'Unknown', 'level': None}, 'jci': {'status': 'Unknown'}, 'nabl': {'status': 'Unknown'}, 'iso': {'certifications': []}, 'government_empanelments': []}",Mumbai,
Dr. Jinendra K Jain,Maharashtra,India,Practo,,2025-09-27T12:32:09.947198,General Hospital,"{'nabh': {'status': 'Unknown', 'level': None}, 'jci': {'status': 'Unknown'}, 'nabl': {'status': 'Unknown'}, 'iso': {'certifications': []}, 'government_empanelments': []}",Mumbai,
Dr. Rajiv Prakash Manek,Maharashtra,India,Practo,,2025-09-27T12:32:09.947198,General Hospital,"{'nabh': {'status': 'Unknown', 'level': None}, 'jci': {'status': 'Unknown'}, 'nabl': {'status': 'Unknown'}, 'iso': {'certifications': []}, 'government_empanelments': []}",Mumbai,
Dr. Mangala Patil,Maharashtra,India,Practo,,2025-09-27T12:32:09.947198,General Hospital,"{'nabh': {'status': 'Unknown', 'level': None}, 'jci': {'status': 'Unknown'}, 'nabl': {'status': 'Unknown'}, 'iso': {'certifications': []}, 'government_empanelments': []}",Mumbai,
Dr. Ashutosh Baghel,Maharashtra,India,Practo,,2025-09-27T12:32:09.947198,General Hospital,"{'nabh': {'status': 'Unknown', 'level': None}, 'jci': {'status': 'Unknown'}, 'nabl': {'status': 'Unknown'}, 'iso': {'certifications': []}, 'government_empanelments': []}",Mumbai,
Dr. Mayuresh Deepak Pradhan,Maharashtra,India,Practo,,2025-09-27T12:32:09.949205,General Hospital,"{'nabh': {'status': 'Unknown', 'level': None}, 'jci': {'status': 'Unknown'}, 'nabl': {'status': 'Unknown'}, 'iso': {'certifications': []}, 'government_empanelments': []}",Mumbai,
Dr. Badshah Khan,Maharashtra,India,Practo,,2025-09-27T12:32:09.949205,General Hospital,"{'nabh': {'status': 'Unknown', 'level': None}, 'jci': {'status': 'Unknown'}, 'nabl': {'status': 'Unknown'}, 'iso': {'certifications': []}, 'government_empanelments': []}",Mumbai,
Dr. Pratik Tibdewal,Maharashtra,India,Practo,,2025-09-27T12:32:09.949205,General Hospital,"{'nabh': {'status': 'Unknown', 'level': None}, 'jci': {'status': 'Unknown'}, 'nabl': {'status': 'Unknown'}, 'iso': {'certifications': []}, 'government_empanelments': []}",Mumbai,
Dr. Aditi Agrawal,Maharashtra,India,Practo,,2025-09-27T12:32:09.949205,General Hospital,"{'nabh': {'status': 'Unknown', 'level': None}, 'jci': {'status': 'Unknown'}, 'nabl': {'status': 'Unknown'}, 'iso': {'certifications': []}, 'government_empanelments': []}",Mumbai,
Dr. Imran Shaikh,Maharashtra,India,Practo,,2025-09-27T12:32:09.949205,General Hospital,"{'nabh': {'status': 'Unknown', 'level': None}, 'jci': {'status': 'Unknown'}, 'nabl': {'status': 'Unknown'}, 'iso': {'certifications': []}, 'government_empanelments': []}",Mumbai,
Dr. Prathamesh Teje,Maharashtra,India,Practo,,2025-09-27T12:32:18.086098,General Hospital,"{'nabh': {'status': 'Unknown', 'level': None}, 'jci': {'status': 'Unknown'}, 'nabl': {'status': 'Unknown'}, 'iso': {'certifications': []}, 'government_empanelments': []}",Pune,
Dr. Pankaj Totala,Maharashtra,India,Practo,,2025-09-27T12:32:18.086098,General Hospital,"{'nabh': {'status': 'Unknown', 'level': None}, 'jci': {'status': 'Unknown'}, 'nabl': {'status': 'Unknown'}, 'iso': {'certifications': []}, 'government_empanelments': []}",Pune,
Dr. Lokesh Kumar,Maharashtra,India,Practo,,2025-09-27T12:32:18.086098,General Hospital,"{'nabh': {'status': 'Unknown', 'level': None}, 'jci': {'status': 'Unknown'}, 'nabl': {'status': 'Unknown'}, 'iso': {'certifications': []}, 'government_empanelments': []}",Pune,
Dr. Devendra Satpute,Maharashtra,India,Practo,,2025-09-27T12:32:18.086098,General Hospital,"{'nabh': {'status': 'Unknown', 'level': None}, 'jci': {'status': 'Unknown'}, 'nabl': {'status': 'Unknown'}, 'iso': {'certifications': []}, 'government_empanelments': []}",Pune,
Dr. Nilesh Giri,Maharashtra,India,Practo,,2025-09-27T12:32:18.086098,General Hospital,"{'nabh': {'status': 'Unknown', 'level': None}, 'jci': {'status': 'Unknown'}, 'nabl': {'status': 'Unknown'}, 'iso': {'certifications': []}, 'government_empanelments': []}",Pune,
Dr. Gore Jinal Dhansukh,Maharashtra,India,Practo,,2025-09-27T12:32:18.088105,General Hospital,"{'nabh': {'status': 'Unknown', 'level': None}, 'jci': {'status': 'Unknown'}, 'nabl': {'status': 'Unknown'}, 'iso': {'certifications': []}, 'government_empanelments': []}",Pune,
Dr. Siddhesh Tryambake,Maharashtra,India,Practo,,2025-09-27T12:32:18.088105,General Hospital,"{'nabh': {'status': 'Unknown', 'level': None}, 'jci': {'status': 'Unknown'}, 'nabl': {'status': 'Unknown'}, 'iso': {'certifications': []}, 'government_empanelments': []}",Pune,
Dr. Rahul Kallianpur,Maharashtra,India,Practo,,2025-09-27T12:32:18.088105,General Hospital,"{'nabh': {'status': 'Unknown', 'level': None}, 'jci': {'status': 'Unknown'}, 'nabl': {'status': 'Unknown'}, 'iso': {'certifications': []}, 'government_empanelments': []}",Pune,
Dr. Manish Mali,Maharashtra,India,Practo,,2025-09-27T12:32:18.088105,General Hospital,"{'nabh': {'status': 'Unknown', 'level': None}, 'jci': {'status': 'Unknown'}, 'nabl': {'status': 'Unknown'}, 'iso': {'certifications': []}, 'government_empanelments': []}",Pune,
Manipal Hospital Varthur Road (formerly Columbia Asia Hospital),Karnataka,India,Practo,,2025-09-27T12:32:27.217381,General Hospital,"{'nabh': {'status': 'Unknown', 'level': None}, 'jci': {'status': 'Unknown'}, 'nabl': {'status': 'Unknown'}, 'iso': {'certifications': []}, 'government_empanelments': []}",Bangalore,
Dr. Kavya Perla,Karnataka,India,Practo,,2025-09-27T12:32:27.229422,General Hospital,"{'nabh': {'status': 'Unknown', 'level': None}, 'jci': {'status': 'Unknown'}, 'nabl': {'status': 'Unknown'}, 'iso': {'certifications': []}, 'government_empanelments': []}",Bangalore,
Dr. Pramod J,Karnataka,India,Practo,,2025-09-27T12:32:27.229422,General Hospital,"{'nabh': {'status': 'Unknown', 'level': None}, 'jci': {'status': 'Unknown'}, 'nabl': {'status': 'Unknown'}, 'iso': {'certifications': []}, 'government_empanelments': []}",Bangalore,
Dr. Praveen C R,Karnataka,India,Practo,,2025-09-27T12:32:27.229422,General Hospital,"{'nabh': {'status': 'Unknown', 'level': None}, 'jci': {'status': 'Unknown'}, 'nabl': {'status': 'Unknown'}, 'iso': {'certifications': []}, 'government_empanelments': []}",Bangalore,
Dr. Prakash Mahadevappa,Karnataka,India,Practo,,2025-09-27T12:32:27.229422,General Hospital,"{'nabh': {'status': 'Unknown', 'level': None}, 'jci': {'status': 'Unknown'}, 'nabl': {'status': 'Unknown'}, 'iso': {'certifications': []}, 'government_empanelments': []}",Bangalore,
Dr. Rockey Katheria,Karnataka,India,Practo,,2025-09-27T12:32:27.229422,General Hospital,"{'nabh': {'status': 'Unknown', 'level': None}, 'jci': {'status': 'Unknown'}, 'nabl': {'status': 'Unknown'}, 'iso': {'certifications': []}, 'government_empanelments': []}",Bangalore,
Dr. D Vijaya Meenakshi,Karnataka,India,Practo,,2025-09-27T12:32:27.229422,General Hospital,"{'nabh': {'status': 'Unknown', 'level': None}, 'jci': {'status': 'Unknown'}, 'nabl': {'status': 'Unknown'}, 'iso': {'certifications': []}, 'government_empanelments': []}",Bangalore,
Dr. Aasima Boxwalla,Karnataka,India,Practo,,2025-09-27T12:32:27.229422,General Hospital,"{'nabh': {'status': 'Unknown', 'level': None}, 'jci': {'status': 'Unknown'}, 'nabl': {'status': 'Unknown'}, 'iso': {'certifications': []}, 'government_empanelments': []}",Bangalore,
Dr. Ashwini Neelakanthi,Karnataka,India,Practo,,2025-09-27T12:32:27.229422,General Hospital,"{'nabh': {'status': 'Unknown', 'level': None}, 'jci': {'status': 'Unknown'}, 'nabl': {'status': 'Unknown'}, 'iso': {'certifications': []}, 'government_empanelments': []}",Bangalore,
Dr. Chethan J V,Karnataka,India,Practo,,2025-09-27T12:32:27.229422,General Hospital,"{'nabh': {'status': 'Unknown', 'level': None}, 'jci': {'status': 'Unknown'}, 'nabl': {'status': 'Unknown'}, 'iso': {'certifications': []}, 'government_empanelments': []}",Bangalore,
Dr. Devaraj R,Karnataka,India,Practo,,2025-09-27T12:32:32.759384,General Hospital,"{'nabh': {'status': 'Unknown', 'level': None}, 'jci': {'status': 'Unknown'}, 'nabl': {'status': 'Unknown'}, 'iso': {'certifications': []}, 'government_empanelments': []}",Mysore,
Dr. Anish Behl,Karnataka,India,Practo,,2025-09-27T12:32:32.759384,General Hospital,"{'nabh': {'status': 'Unknown', 'level': None}, 'jci': {'status': 'Unknown'}, 'nabl': {'status': 'Unknown'}, 'iso': {'certifications': []}, 'government_empanelments': []}",Mysore,
Dr. Venkata Simha P,Karnataka,India,Practo,,2025-09-27T12:32:32.759384,General Hospital,"{'nabh': {'status': 'Unknown', 'level': None}, 'jci': {'status': 'Unknown'}, 'nabl': {'status': 'Unknown'}, 'iso': {'certifications': []}, 'government_empanelments': []}",Mysore,
Dr. Naveen Jayaram Anvekar,Karnataka,India,Practo,,2025-09-27T12:32:32.759384,General Hospital,"{'nabh': {'status': 'Unknown', 'level': None}, 'jci': {'status': 'Unknown'}, 'nabl': {'status': 'Unknown'}, 'iso': {'certifications': []}, 'government_empanelments': []}",Mysore,
Dr. Srinivas Nalloor,Karnataka,India,Practo,,2025-09-27T12:32:32.759384,General Hospital,"{'nabh': {'status': 'Unknown', 'level': None}, 'jci': {'status': 'Unknown'}, 'nabl': {'status': 'Unknown'}, 'iso': {'certifications': []}, 'government_empanelments': []}",Mysore,
Dr. S. Adhikari,Karnataka,India,Practo,,2025-09-27T12:32:32.761393,General Hospital,"{'nabh': {'status': 'Unknown', 'level': None}, 'jci': {'status': 'Unknown'}, 'nabl': {'status': 'Unknown'}, 'iso': {'certifications': []}, 'government_empanelments': []}",Mysore,
Dr. Avinash R,Karnataka,India,Practo,,2025-09-27T12:32:32.761393,General Hospital,"{'nabh': {'status': 'Unknown', 'level': None}, 'jci': {'status': 'Unknown'}, 'nabl': {'status': 'Unknown'}, 'iso': {'certifications': []}, 'government_empanelments': []}",Mysore,
Dr. Aumir Moin,Karnataka,India,Practo,,2025-09-27T12:32:32.761393,General Hospital,"{'nabh': {'status': 'Unknown', 'level': None}, 'jci': {'status': 'Unknown'}, 'nabl': {'status': 'Unknown'}, 'iso': {'certifications': []}, 'government_empanelments': []}",Mysore,
Dr. K A Prahlad,Karnataka,India,Practo,,2025-09-27T12:32:32.761393,General Hospital,"{'nabh': {'status': 'Unknown', 'level': None}, 'jci': {'status': 'Unknown'}, 'nabl': {'status': 'Unknown'}, 'iso': {'certifications': []}, 'government_empanelments': []}",Mysore,
Dr. Mehta's Hospitals,Tamil Nadu,India,Practo,,2025-09-27T12:32:44.309595,General Hospital,"{'nabh': {'status': 'Unknown', 'level': None}, 'jci': {'status': 'Unknown'}, 'nabl': {'status': 'Unknown'}, 'iso': {'certifications': []}, 'government_empanelments': []}",Chennai,
Dr. Dilip Kumar R,Tamil Nadu,India,Practo,,2025-09-27T12:32:44.324198,General Hospital,"{'nabh': {'status': 'Unknown', 'level': None}, 'jci': {'status': 'Unknown'}, 'nabl': {'status': 'Unknown'}, 'iso': {'certifications': []}, 'government_empanelments': []}",Chennai,
Dr. Adhiti K,Tamil Nadu,India,Practo,,2025-09-27T12:32:44.324198,General Hospital,"{'nabh': {'status': 'Unknown', 'level': None}, 'jci': {'status': 'Unknown'}, 'nabl': {'status': 'Unknown'}, 'iso': {'certifications': []}, 'government_empanelments': []}",Chennai,
Dr. Kabilan Saminathan,Tamil Nadu,India,Practo,,2025-09-27T12:32:44.324198,General Hospital,"{'nabh': {'status': 'Unknown', 'level': None}, 'jci': {'status': 'Unknown'}, 'nabl': {'status': 'Unknown'}, 'iso': {'certifications': []}, 'government_empanelments': []}",Chennai,
Dr. Sarala Jayaraman,Tamil Nadu,India,Practo,,2025-09-27T12:32:44.324198,General Hospital,"{'nabh': {'status': 'Unknown', 'level': None}, 'jci': {'status': 'Unknown'}, 'nabl': {'status': 'Unknown'}, 'iso': {'certifications': []}, 'government_empanelments': []}",Chennai,
Dr. Amilthan,Tamil Nadu,India,Practo,,2025-09-27T12:32:44.324198,General Hospital,"{'nabh': {'status': 'Unknown', 'level': None}, 'jci': {'status': 'Unknown'}, 'nabl': {'status': 'Unknown'}, 'iso': {'certifications': []}, 'government_empanelments': []}",Chennai,
Dr. M Divya,Tamil Nadu,India,Practo,,2025-09-27T12:32:44.324198,General Hospital,"{'nabh': {'status': 'Unknown', 'level': None}, 'jci': {'status': 'Unknown'}, 'nabl': {'status': 'Unknown'}, 'iso': {'certifications': []}, 'government_empanelments': []}",Chennai,
Dr. Vaitheeswaran,Tamil Nadu,India,Practo,,2025-09-27T12:32:44.324198,General Hospital,"{'nabh': {'status': 'Unknown', 'level': None}, 'jci': {'status': 'Unknown'}, 'nabl': {'status': 'Unknown'}, 'iso': {'certifications': []}, 'government_empanelments': []}",Chennai,
Dr. Geethanjali E,Tamil Nadu,India,Practo,,2025-09-27T12:32:44.324198,General Hospital,"{'nabh': {'status': 'Unknown', 'level': None}, 'jci': {'status': 'Unknown'}, 'nabl': {'status': 'Unknown'}, 'iso': {'certifications': []}, 'government_empanelments': []}",Chennai,
Dr. Priya Kannappan,Tamil Nadu,India,Practo,,2025-09-27T12:32:44.324198,General Hospital,"{'nabh': {'status': 'Unknown', 'level': None}, 'jci': {'status': 'Unknown'}, 'nabl': {'status': 'Unknown'}, 'iso': {'certifications': []}, 'government_empanelments': []}",Chennai,
Motherhood Hospital,Tamil Nadu,India,Practo,,2025-09-27T12:32:51.194926,General Hospital,"{'nabh': {'status': 'Unknown', 'level': None}, 'jci': {'status': 'Unknown'}, 'nabl': {'status': 'Unknown'}, 'iso': {'certifications': []}, 'government_empanelments': []}",Coimbatore,
Dr. Ramya Jayaram,Tamil Nadu,India,Practo,,2025-09-27T12:32:51.200488,General Hospital,"{'nabh': {'status': 'Unknown', 'level': None}, 'jci': {'status': 'Unknown'}, 'nabl': {'status': 'Unknown'}, 'iso': {'certifications': []}, 'government_empanelments': []}",Coimbatore,
Dr. Abineya AR,Tamil Nadu,India,Practo,,2025-09-27T12:32:51.200488,General Hospital,"{'nabh': {'status': 'Unknown', 'level': None}, 'jci': {'status': 'Unknown'}, 'nabl': {'status': 'Unknown'}, 'iso': {'certifications': []}, 'government_empanelments': []}",Coimbatore,
Dr. Srividya Krishna Moorthy,Tamil Nadu,India,Practo,,2025-09-27T12:32:51.200488,General Hospital,"{'nabh': {'status': 'Unknown', 'level': None}, 'jci': {'status': 'Unknown'}, 'nabl': {'status': 'Unknown'}, 'iso': {'certifications': []}, 'government_empanelments': []}",Coimbatore,
Dr. Saranya,Tamil Nadu,India,Practo,,2025-09-27T12:32:51.200488,General Hospital,"{'nabh': {'status': 'Unknown', 'level': None}, 'jci': {'status': 'Unknown'}, 'nabl': {'status': 'Unknown'}, 'iso': {'certifications': []}, 'government_empanelments': []}",Coimbatore,
Dr. Karthik B,Tamil Nadu,India,Practo,,2025-09-27T12:32:51.200488,General Hospital,"{'nabh': {'status': 'Unknown', 'level': None}, 'jci': {'status': 'Unknown'}, 'nabl': {'status': 'Unknown'}, 'iso': {'certifications': []}, 'government_empanelments': []}",Coimbatore,
Dr. Shobana S,Tamil Nadu,India,Practo,,2025-09-27T12:32:51.200488,General Hospital,"{'nabh': {'status': 'Unknown', 'level': None}, 'jci': {'status': 'Unknown'}, 'nabl': {'status': 'Unknown'}, 'iso': {'certifications': []}, 'government_empanelments': []}",Coimbatore,
Motherhood Fertility and IVF - Coimbatore,Tamil Nadu,India,Practo,,2025-09-27T12:32:51.200488,General Hospital,"{'nabh': {'status': 'Unknown', 'level': None}, 'jci': {'status': 'Unknown'}, 'nabl': {'status': 'Unknown'}, 'iso': {'certifications': []}, 'government_empanelments': []}",Coimbatore,
GP Hospital,Tamil Nadu,India,Practo,,2025-09-27T12:32:51.200488,General Hospital,"{'nabh': {'status': 'Unknown', 'level': None}, 'jci': {'status': 'Unknown'}, 'nabl': {'status': 'Unknown'}, 'iso': {'certifications': []}, 'government_empanelments': []}",Coimbatore,
Dr. Prasanna Vadakkepat,Tamil Nadu,India,Practo,,2025-09-27T12:32:51.200488,General Hospital,"{'nabh': {'status': 'Unknown', 'level': None}, 'jci': {'status': 'Unknown'}, 'nabl': {'status': 'Unknown'}, 'iso': {'certifications': []}, 'government_empanelments': []}",Coimbatore,
Hegde Hospital,Telangana,India,Practo,,2025-09-27T12:32:56.735069,General Hospital,"{'nabh': {'status': 'Unknown', 'level': None}, 'jci': {'status': 'Unknown'}, 'nabl': {'status': 'Unknown'}, 'iso': {'certifications': []}, 'government_empanelments': []}",Hyderabad,
Dr. Prashant Hegde,Telangana,India,Practo,,2025-09-27T12:32:56.743059,General Hospital,"{'nabh': {'status': 'Unknown', 'level': None}, 'jci': {'status': 'Unknown'}, 'nabl': {'status': 'Unknown'}, 'iso': {'certifications': []}, 'government_empanelments': []}",Hyderabad,
Dr. Vandana Hegde,Telangana,India,Practo,,2025-09-27T12:32:56.743059,General Hospital,"{'nabh': {'status': 'Unknown', 'level': None}, 'jci': {'status': 'Unknown'}, 'nabl': {'status': 'Unknown'}, 'iso': {'certifications': []}, 'government_empanelments': []}",Hyderabad,
Dr. Soumya H R,Telangana,India,Practo,,2025-09-27T12:32:56.743059,General Hospital,"{'nabh': {'status': 'Unknown', 'level': None}, 'jci': {'status': 'Unknown'}, 'nabl': {'status': 'Unknown'}, 'iso': {'certifications': []}, 'government_empanelments': []}",Hyderabad,
Dr. Lavanya. B,Telangana,India,Practo,,2025-09-27T12:32:56.743059,General Hospital,"{'nabh': {'status': 'Unknown', 'level': None}, 'jci': {'status': 'Unknown'}, 'nabl': {'status': 'Unknown'}, 'iso': {'certifications': []}, 'government_empanelments': []}",Hyderabad,
Dr. B C Mounica,Telangana,India,Practo,,2025-09-27T12:32:56.743059,General Hospital,"{'nabh': {'status': 'Unknown', 'level': None}, 'jci': {'status': 'Unknown'}, 'nabl': {'status': 'Unknown'}, 'iso': {'certifications': []}, 'government_empanelments': []}",Hyderabad,
Ms. Jyoshna Diwan,Telangana,India,Practo,,2025-09-27T12:32:56.743059,General Hospital,"{'nabh': {'status': 'Unknown', 'level': None}, 'jci': {'status': 'Unknown'}, 'nabl': {'status': 'Unknown'}, 'iso': {'certifications': []}, 'government_empanelments': []}",Hyderabad,
Dr. Jasmine Ramesh Salkar,Telangana,India,Practo,,2025-09-27T12:32:56.743059,General Hospital,"{'nabh': {'status': 'Unknown', 'level': None}, 'jci': {'status': 'Unknown'}, 'nabl': {'status': 'Unknown'}, 'iso': {'certifications': []}, 'government_empanelments': []}",Hyderabad,
Dr. Akshita Agarwal,Telangana,India,Practo,,2025-09-27T12:32:56.743059,General Hospital,"{'nabh': {'status': 'Unknown', 'level': None}, 'jci': {'status': 'Unknown'}, 'nabl': {'status': 'Unknown'}, 'iso': {'certifications': []}, 'government_empanelments': []}",Hyderabad,
Tanvir Hospital,Telangana,India,Practo,,2025-09-27T12:32:56.743059,General Hospital,"{'nabh': {'status': 'Unknown', 'level': None}, 'jci': {'status': 'Unknown'}, 'nabl': {'status': 'Unknown'}, 'iso': {'certifications': []}, 'government_empanelments': []}",Hyderabad,
Dr. Arshi Raunaq Singh,Telangana,India,Practo,,2025-09-27T12:32:56.743059,General Hospital,"{'nabh': {'status': 'Unknown', 'level': None}, 'jci': {'status': 'Unknown'}, 'nabl': {'status': 'Unknown'}, 'iso': {'certifications': []}, 'government_empanelments': []}",Hyderabad,
Kavitha Reddy Dental Hospital,Telangana,India,Practo,,2025-09-27T12:33:01.983161,General Hospital,"{'nabh': {'status': 'Unknown', 'level': None}, 'jci': {'status': 'Unknown'}, 'nabl': {'status': 'Unknown'}, 'iso': {'certifications': []}, 'government_empanelments': []}",Warangal,
Dr. Kavitha Reddy,Telangana,India,Practo,,2025-09-27T12:33:01.985168,General Hospital,"{'nabh': {'status': 'Unknown', 'level': None}, 'jci': {'status': 'Unknown'}, 'nabl': {'status': 'Unknown'}, 'iso': {'certifications': []}, 'government_empanelments': []}",Warangal,
Partha Dental Skin Hair,Telangana,India,Practo,,2025-09-27T12:33:01.985168,General Hospital,"{'nabh': {'status': 'Unknown', 'level': None}, 'jci': {'status': 'Unknown'}, 'nabl': {'status': 'Unknown'}, 'iso': {'certifications': []}, 'government_empanelments': []}",Warangal,
Dr. Karam Sujitha,Telangana,India,Practo,,2025-09-27T12:33:01.987173,General Hospital,"{'nabh': {'status': 'Unknown', 'level': None}, 'jci': {'status': 'Unknown'}, 'nabl': {'status': 'Unknown'}, 'iso': {'certifications': []}, 'government_empanelments': []}",Warangal,
Dr. Priyanka Janagam,Telangana,India,Practo,,2025-09-27T12:33:01.987173,General Hospital,"{'nabh': {'status': 'Unknown', 'level': None}, 'jci': {'status': 'Unknown'}, 'nabl': {'status': 'Unknown'}, 'iso': {'certifications': []}, 'government_empanelments': []}",Warangal,
Partha Dental  Skin Hair,Telangana,India,Practo,,2025-09-27T12:33:01.987173,General Hospital,"{'nabh': {'status': 'Unknown', 'level': None}, 'jci': {'status': 'Unknown'}, 'nabl': {'status': 'Unknown'}, 'iso': {'certifications': []}, 'government_empanelments': []}",Warangal,
Dr. Sharon Kagitha,Telangana,India,Practo,,2025-09-27T12:33:01.987173,General Hospital,"{'nabh': {'status': 'Unknown', 'level': None}, 'jci': {'status': 'Unknown'}, 'nabl': {'status': 'Unknown'}, 'iso': {'certifications': []}, 'government_empanelments': []}",Warangal,
Kakatiya Superspeciality Dental Hospital,Telangana,India,Practo,,2025-09-27T12:33:01.987173,General Hospital,"{'nabh': {'status': 'Unknown', 'level': None}, 'jci': {'status': 'Unknown'}, 'nabl': {'status': 'Unknown'}, 'iso': {'certifications': []}, 'government_empanelments': []}",Warangal,
Dr. Sudhakar Kolla,Telangana,India,Practo,,2025-09-27T12:33:01.987173,General Hospital,"{'nabh': {'status': 'Unknown', 'level': None}, 'jci': {'status': 'Unknown'}, 'nabl': {'status': 'Unknown'}, 'iso': {'certifications': []}, 'government_empanelments': []}",Warangal,
Dr. K.Tulasi,Telangana,India,Practo,,2025-09-27T12:33:01.987173,General Hospital,"{'nabh': {'status': 'Unknown', 'level': None}, 'jci': {'status': 'Unknown'}, 'nabl': {'status': 'Unknown'}, 'iso': {'certifications': []}, 'government_empanelments': []}",Warangal,
Sharat Laser Eye Hospital,Telangana,India,Practo,,2025-09-27T12:33:01.987173,Eye Hospital,"{'nabh': {'status': 'Unknown', 'level': None}, 'jci': {'status': 'Unknown'}, 'nabl': {'status': 'Unknown'}, 'iso': {'certifications': []}, 'government_empanelments': []}",Warangal,
Dr. Chilukuri Sharat Babu,Telangana,India,Practo,,2025-09-27T12:33:01.987173,General Hospital,"{'nabh': {'status': 'Unknown', 'level': None}, 'jci': {'status': 'Unknown'}, 'nabl': {'status': 'Unknown'}, 'iso': {'certifications': []}, 'government_empanelments': []}",Warangal,
Padmasri Hospital & IVF Centre,Andhra Pradesh,India,Practo,,2025-09-27T12:33:07.086673,General Hospital,"{'nabh': {'status': 'Unknown', 'level': None}, 'jci': {'status': 'Unknown'}, 'nabl': {'status': 'Unknown'}, 'iso': {'certifications': []}, 'government_empanelments': []}",Visakhapatnam,
Dr. Sudha Padmasri P,Andhra Pradesh,India,Practo,,2025-09-27T12:33:07.086673,General Hospital,"{'nabh': {'status': 'Unknown', 'level': None}, 'jci': {'status': 'Unknown'}, 'nabl': {'status': 'Unknown'}, 'iso': {'certifications': []}, 'government_empanelments': []}",Visakhapatnam,
Dr. CHANDU VAMSI KRISHNA,Andhra Pradesh,India,Practo,,2025-09-27T12:33:07.086673,General Hospital,"{'nabh': {'status': 'Unknown', 'level': None}, 'jci': {'status': 'Unknown'}, 'nabl': {'status': 'Unknown'}, 'iso': {'certifications': []}, 'government_empanelments': []}",Visakhapatnam,
Apollo Health City,Andhra Pradesh,India,Practo,,2025-09-27T12:33:07.086673,General Hospital,"{'nabh': {'status': 'Unknown', 'level': None}, 'jci': {'status': 'Unknown'}, 'nabl': {'status': 'Unknown'}, 'iso': {'certifications': []}, 'government_empanelments': []}",Visakhapatnam,
Dr. Anitha Kolukula,Andhra Pradesh,India,Practo,,2025-09-27T12:33:07.086673,General Hospital,"{'nabh': {'status': 'Unknown', 'level': None}, 'jci': {'status': 'Unknown'}, 'nabl': {'status': 'Unknown'}, 'iso': {'certifications': []}, 'government_empanelments': []}",Visakhapatnam,
Dr. Abdul D Khan,Andhra Pradesh,India,Practo,,2025-09-27T12:33:07.086673,General Hospital,"{'nabh': {'status': 'Unknown', 'level': None}, 'jci': {'status': 'Unknown'}, 'nabl': {'status': 'Unknown'}, 'iso': {'certifications': []}, 'government_empanelments': []}",Visakhapatnam,
Dr. Tippala Anusha,Andhra Pradesh,India,Practo,,2025-09-27T12:33:07.086673,General Hospital,"{'nabh': {'status': 'Unknown', 'level': None}, 'jci': {'status': 'Unknown'}, 'nabl': {'status': 'Unknown'}, 'iso': {'certifications': []}, 'government_empanelments': []}",Visakhapatnam,
Dr. Sesha Mohan Debta,Andhra Pradesh,India,Practo,,2025-09-27T12:33:07.098118,General Hospital,"{'nabh': {'status': 'Unknown', 'level': None}, 'jci': {'status': 'Unknown'}, 'nabl': {'status': 'Unknown'}, 'iso': {'certifications': []}, 'government_empanelments': []}",Visakhapatnam,
Dr. M Ganesh Kumar,Andhra Pradesh,India,Practo,,2025-09-27T12:33:07.098118,General Hospital,"{'nabh': {'status': 'Unknown', 'level': None}, 'jci': {'status': 'Unknown'}, 'nabl': {'status': 'Unknown'}, 'iso': {'certifications': []}, 'government_empanelments': []}",Visakhapatnam,
Dr. Pradeep Kumar Palakonda,Andhra Pradesh,India,Practo,,2025-09-27T12:33:07.098118,General Hospital,"{'nabh': {'status': 'Unknown', 'level': None}, 'jci': {'status': 'Unknown'}, 'nabl': {'status': 'Unknown'}, 'iso': {'certifications': []}, 'government_empanelments': []}",Visakhapatnam,
Manipal Hospital,Andhra Pradesh,India,Practo,,2025-09-27T12:33:11.838464,General Hospital,"{'nabh': {'status': 'Accredited', 'level': 'Full', 'valid_until': '19 Dec 2026', 'reference_no': 'H-2007-0039'}, 'jci': {'status': 'Unknown'}, 'nabl': {'status': 'Unknown'}, 'iso': {'certifications': []}, 'government_empanelments': []}",Vijayawada,
Dr. Ch Manoj Kumar,Andhra Pradesh,India,Practo,,2025-09-27T12:33:11.841977,General Hospital,"{'nabh': {'status': 'Unknown', 'level': None}, 'jci': {'status': 'Unknown'}, 'nabl': {'status': 'Unknown'}, 'iso': {'certifications': []}, 'government_empanelments': []}",Vijayawada,
Dr. Jagadeesh. N,Andhra Pradesh,India,Practo,,2025-09-27T12:33:11.841977,General Hospital,"{'nabh': {'status': 'Unknown', 'level': None}, 'jci': {'status': 'Unknown'}, 'nabl': {'status': 'Unknown'}, 'iso': {'certifications': []}, 'government_empanelments': []}",Vijayawada,
Dr. Krishna Reddy,Andhra Pradesh,India,Practo,,2025-09-27T12:33:11.841977,General Hospital,"{'nabh': {'status': 'Unknown', 'level': None}, 'jci': {'status': 'Unknown'}, 'nabl': {'status': 'Unknown'}, 'iso': {'certifications': []}, 'government_empanelments': []}",Vijayawada,
Dr. Hema Sowjanya,Andhra Pradesh,India,Practo,,2025-09-27T12:33:11.841977,General Hospital,"{'nabh': {'status': 'Unknown', 'level': None}, 'jci': {'status': 'Unknown'}, 'nabl': {'status': 'Unknown'}, 'iso': {'certifications': []}, 'government_empanelments': []}",Vijayawada,
Dr. Murali Krishna Nallamothu,Andhra Pradesh,India,Practo,,2025-09-27T12:33:11.841977,General Hospital,"{'nabh': {'status': 'Unknown', 'level': None}, 'jci': {'status': 'Unknown'}, 'nabl': {'status': 'Unknown'}, 'iso': {'certifications': []}, 'government_empanelments': []}",Vijayawada,
Dr. Vuppu Ravi Kanth,Andhra Pradesh,India,Practo,,2025-09-27T12:33:11.841977,General Hospital,"{'nabh': {'status': 'Unknown', 'level': None}, 'jci': {'status': 'Unknown'}, 'nabl': {'status': 'Unknown'}, 'iso': {'certifications': []}, 'government_empanelments': []}",Vijayawada,
Dr. G. V. Reddy,Andhra Pradesh,India,Practo,,2025-09-27T12:33:11.841977,General Hospital,"{'nabh': {'status': 'Unknown', 'level': None}, 'jci': {'status': 'Unknown'}, 'nabl': {'status': 'Unknown'}, 'iso': {'certifications': []}, 'government_empanelments': []}",Vijayawada,
Dr. Lakshmi Prasuna,Andhra Pradesh,India,Practo,,2025-09-27T12:33:11.841977,General Hospital,"{'nabh': {'status': 'Unknown', 'level': None}, 'jci': {'status': 'Unknown'}, 'nabl': {'status': 'Unknown'}, 'iso': {'certifications': []}, 'government_empanelments': []}",Vijayawada,
Dr. M.Sarada,Andhra Pradesh,India,Practo,,2025-09-27T12:33:11.841977,General Hospital,"{'nabh': {'status': 'Unknown', 'level': None}, 'jci': {'status': 'Unknown'}, 'nabl': {'status': 'Unknown'}, 'iso': {'certifications': []}, 'government_empanelments': []}",Vijayawada,
Ms. Rama Bijapurkar,Unknown,India,Apollo Hospitals Website,,2025-09-27T12:33:16.164262,Multi-specialty Hospital,"{'nabh': {'status': 'Likely Accredited', 'level': 'Full'}, 'jci': {'status': 'Possible'}, 'nabl': {'status': 'Likely'}, 'iso': {'certifications': ['ISO 9001:2015']}, 'government_empanelments': ['CGHS', 'ECHS']}",Ms,Apollo Hospitals
Apollo Excellence Report,Unknown,India,Apollo Hospitals Website,,2025-09-27T12:33:16.164262,Multi-specialty Hospital,"{'nabh': {'status': 'Likely Accredited', 'level': 'Full'}, 'jci': {'status': 'Possible'}, 'nabl': {'status': 'Likely'}, 'iso': {'certifications': ['ISO 9001:2015']}, 'government_empanelments': ['CGHS', 'ECHS']}",Apollo Excellence Report,Apollo Hospitals
Honors List,Unknown,India,Apollo Hospitals Website,,2025-09-27T12:33:16.164262,Multi-specialty Hospital,"{'nabh': {'status': 'Likely Accredited', 'level': 'Full'}, 'jci': {'status': 'Possible'}, 'nabl': {'status': 'Likely'}, 'iso': {'certifications': ['ISO 9001:2015']}, 'government_empanelments': ['CGHS', 'ECHS']}",Honors List,Apollo Hospitals
Business Responsibility and Sustainability Report 2024,Unknown,India,Apollo Hospitals Website,,2025-09-27T12:33:16.164262,Multi-specialty Hospital,"{'nabh': {'status': 'Likely Accredited', 'level': 'Full'}, 'jci': {'status': 'Possible'}, 'nabl': {'status': 'Likely'}, 'iso': {'certifications': ['ISO 9001:2015']}, 'government_empanelments': ['CGHS', 'ECHS']}",Business Responsibility and Sustainability Report,Apollo Hospitals
Business Responsibility and Sustainability Report 2025,Unknown,India,Apollo Hospitals Website,,2025-09-27T12:33:16.164262,Multi-specialty Hospital,"{'nabh': {'status': 'Likely Accredited', 'level': 'Full'}, 'jci': {'status': 'Possible'}, 'nabl': {'status': 'Likely'}, 'iso': {'certifications': ['ISO 9001:2015']}, 'government_empanelments': ['CGHS', 'ECHS']}",Business Responsibility and Sustainability Report,Apollo Hospitals
Circular Inviting Unsecured Deposits,Unknown,India,Apollo Hospitals Website,,2025-09-27T12:33:16.164262,Multi-specialty Hospital,"{'nabh': {'status': 'Likely Accredited', 'level': 'Full'}, 'jci': {'status': 'Possible'}, 'nabl': {'status': 'Likely'}, 'iso': {'certifications': ['ISO 9001:2015']}, 'government_empanelments': ['CGHS', 'ECHS']}",Circular Inviting Unsecured Deposits,Apollo Hospitals
Composite Scheme of Arrangement,Unknown,India,Apollo Hospitals Website,,2025-09-27T12:33:16.164262,Multi-specialty Hospital,"{'nabh': {'status': 'Likely Accredited', 'level': 'Full'}, 'jci': {'status': 'Possible'}, 'nabl': {'status': 'Likely'}, 'iso': {'certifications': ['ISO 9001:2015']}, 'government_empanelments': ['CGHS', 'ECHS']}",Composite Scheme of Arrangement,Apollo Hospitals
SAP Reorganisation 2018,Unknown,India,Apollo Hospitals Website,,2025-09-27T12:33:16.164262,Multi-specialty Hospital,"{'nabh': {'status': 'Likely Accredited', 'level': 'Full'}, 'jci': {'status': 'Possible'}, 'nabl': {'status': 'Likely'}, 'iso': {'certifications': ['ISO 9001:2015']}, 'government_empanelments': ['CGHS', 'ECHS']}",SAP Reorganisation,Apollo Hospitals
Apollo in the News,Unknown,India,Apollo Hospitals Website,,2025-09-27T12:33:16.164262,Multi-specialty Hospital,"{'nabh': {'status': 'Likely Accredited', 'level': 'Full'}, 'jci': {'status': 'Possible'}, 'nabl': {'status': 'Likely'}, 'iso': {'certifications': ['ISO 9001:2015']}, 'government_empanelments': ['CGHS', 'ECHS']}",Apollo in the News,Apollo Hospitals
Press Releases,Unknown,India,Apollo Hospitals Website,,2025-09-27T12:33:16.164262,Multi-specialty Hospital,"{'nabh': {'status': 'Likely Accredited', 'level': 'Full'}, 'jci': {'status': 'Possible'}, 'nabl': {'status': 'Likely'}, 'iso': {'certifications': ['ISO 9001:2015']}, 'government_empanelments': ['CGHS', 'ECHS']}",Press Releases,Apollo Hospitals
Access Lab Reports,Unknown,India,Manipal Hospitals Website,,2025-09-27T12:33:35.426463,Multi-specialty Hospital,"{'nabh': {'status': 'Likely Accredited', 'level': 'Full'}, 'jci': {'status': 'Possible'}, 'nabl': {'status': 'Likely'}, 'iso': {'certifications': ['ISO 9001:2015']}, 'government_empanelments': ['CGHS', 'ECHS']}",Access Lab Reports,Manipal Hospitals
Old Airport Road - Bengaluru,Unknown,India,Manipal Hospitals Website,,2025-09-27T12:33:35.428212,Multi-specialty Hospital,"{'nabh': {'status': 'Likely Accredited', 'level': 'Full'}, 'jci': {'status': 'Possible'}, 'nabl': {'status': 'Likely'}, 'iso': {'certifications': ['ISO 9001:2015']}, 'government_empanelments': ['CGHS', 'ECHS']}",Old Airport Road,Manipal Hospitals
Whitefield - Bengaluru,Unknown,India,Manipal Hospitals Website,,2025-09-27T12:33:35.428212,Multi-specialty Hospital,"{'nabh': {'status': 'Likely Accredited', 'level': 'Full'}, 'jci': {'status': 'Possible'}, 'nabl': {'status': 'Likely'}, 'iso': {'certifications': ['ISO 9001:2015']}, 'government_empanelments': ['CGHS', 'ECHS']}",Whitefield,Manipal Hospitals
Manipal Clinic - Brookefield - Bengaluru,Unknown,India,Manipal Hospitals Website,,2025-09-27T12:33:35.428212,Multi-specialty Hospital,"{'nabh': {'status': 'Likely Accredited', 'level': 'Full'}, 'jci': {'status': 'Possible'}, 'nabl': {'status': 'Likely'}, 'iso': {'certifications': ['ISO 9001:2015']}, 'government_empanelments': ['CGHS', 'ECHS']}",Manipal Clinic,Manipal Hospitals
Jayanagar - Bengaluru,Unknown,India,Manipal Hospitals Website,,2025-09-27T12:33:35.428212,Multi-specialty Hospital,"{'nabh': {'status': 'Likely Accredited', 'level': 'Full'}, 'jci': {'status': 'Possible'}, 'nabl': {'status': 'Likely'}, 'iso': {'certifications': ['ISO 9001:2015']}, 'government_empanelments': ['CGHS', 'ECHS']}",Jayanagar,Manipal Hospitals
Manipal Clinic - Jayanagar - Bengaluru,Unknown,India,Manipal Hospitals Website,,2025-09-27T12:33:35.428212,Multi-specialty Hospital,"{'nabh': {'status': 'Likely Accredited', 'level': 'Full'}, 'jci': {'status': 'Possible'}, 'nabl': {'status': 'Likely'}, 'iso': {'certifications': ['ISO 9001:2015']}, 'government_empanelments': ['CGHS', 'ECHS']}",Manipal Clinic,Manipal Hospitals
Malleshwaram - Bengaluru,Unknown,India,Manipal Hospitals Website,,2025-09-27T12:33:35.428212,Multi-specialty Hospital,"{'nabh': {'status': 'Likely Accredited', 'level': 'Full'}, 'jci': {'status': 'Possible'}, 'nabl': {'status': 'Likely'}, 'iso': {'certifications': ['ISO 9001:2015']}, 'government_empanelments': ['CGHS', 'ECHS']}",Malleshwaram,Manipal Hospitals
Yeshwanthpur - Bengaluru,Unknown,India,Manipal Hospitals Website,,2025-09-27T12:33:35.428212,Multi-specialty Hospital,"{'nabh': {'status': 'Likely Accredited', 'level': 'Full'}, 'jci': {'status': 'Possible'}, 'nabl': {'status': 'Likely'}, 'iso': {'certifications': ['ISO 9001:2015']}, 'government_empanelments': ['CGHS', 'ECHS']}",Yeshwanthpur,Manipal Hospitals
Hebbal - Bengaluru,Unknown,India,Manipal Hospitals Website,,2025-09-27T12:33:35.428212,Multi-specialty Hospital,"{'nabh': {'status': 'Likely Accredited', 'level': 'Full'}, 'jci': {'status': 'Possible'}, 'nabl': {'status': 'Likely'}, 'iso': {'certifications': ['ISO 9001:2015']}, 'government_empanelments': ['CGHS', 'ECHS']}",Hebbal,Manipal Hospitals
